{"stats":{"minecraft:custom":{"minecraft:time_since_rest":27940,"minecraft:interact_with_furnace":3,"minecraft:sprint_one_cm":30874,"minecraft:damage_taken":80,"minecraft:walk_one_cm":36600,"minecraft:interact_with_crafting_table":5,"minecraft:talked_to_villager":2,"minecraft:fly_one_cm":253163,"minecraft:crouch_one_cm":91,"minecraft:play_time":27940,"minecraft:sneak_time":406,"minecraft:walk_under_water_one_cm":731,"minecraft:jump":86,"minecraft:time_since_death":27940,"minecraft:walk_on_water_one_cm":832,"minecraft:total_world_time":27940,"minecraft:fall_one_cm":2021},"minecraft:crafted":{"minecraft:crafting_table":2,"minecraft:spruce_planks":52,"minecraft:stick":4,"minecraft:wooden_pickaxe":1,"minecraft:stone_pickaxe":1,"minecraft:furnace":1,"minecraft:dark_oak_planks":48},"minecraft:picked_up":{"minecraft:stick":3,"minecraft:raw_iron":21,"minecraft:andesite":2,"minecraft:acacia_log":11,"minecraft:spruce_sapling":1,"minecraft:spruce_log":13,"minecraft:dark_oak_log":12,"minecraft:wheat_seeds":1,"minecraft:melon_slice":48,"minecraft:coal":1,"minecraft:acacia_sapling":1,"minecraft:cobblestone":57,"minecraft:egg":2},"minecraft:mined":{"minecraft:iron_ore":21,"minecraft:dark_oak_log":12,"minecraft:spruce_log":13,"minecraft:andesite":2,"minecraft:acacia_log":11,"minecraft:coal_ore":1,"minecraft:melon":10,"minecraft:tall_grass":1,"minecraft:spruce_leaves":4,"minecraft:stone":57},"minecraft:broken":{"minecraft:wooden_pickaxe":1},"minecraft:used":{"minecraft:melon_slice":8,"minecraft:stone_pickaxe":22,"minecraft:wooden_pickaxe":59,"minecraft:crafting_table":2,"minecraft:furnace":1,"minecraft:egg":2,"minecraft:acacia_sapling":1}},"DataVersion":3465}