{"stats":{"minecraft:custom":{"minecraft:time_since_rest":48548,"minecraft:interact_with_furnace":5,"minecraft:sprint_one_cm":31433,"minecraft:damage_taken":80,"minecraft:walk_one_cm":44273,"minecraft:swim_one_cm":996,"minecraft:interact_with_crafting_table":7,"minecraft:talked_to_villager":2,"minecraft:fly_one_cm":446971,"minecraft:open_chest":1,"minecraft:crouch_one_cm":275,"minecraft:play_time":48548,"minecraft:sneak_time":1267,"minecraft:walk_under_water_one_cm":69717,"minecraft:jump":112,"minecraft:leave_game":1,"minecraft:time_since_death":48548,"minecraft:walk_on_water_one_cm":3359,"minecraft:total_world_time":48548,"minecraft:fall_one_cm":2021},"minecraft:crafted":{"minecraft:diamond_pickaxe":1,"minecraft:crafting_table":3,"minecraft:spruce_planks":52,"minecraft:stick":8,"minecraft:wooden_pickaxe":1,"minecraft:iron_ingot":8,"minecraft:iron_pickaxe":1,"minecraft:stone_pickaxe":1,"minecraft:furnace":1,"minecraft:dark_oak_planks":48},"minecraft:picked_up":{"minecraft:stick":3,"minecraft:raw_iron":41,"mekanism:raw_uranium":2,"minecraft:andesite":2,"minecraft:acacia_log":11,"minecraft:tuff":2,"minecraft:spruce_sapling":1,"minecraft:spruce_log":13,"minecraft:dark_oak_log":12,"minecraft:diamond":74,"minecraft:wheat_seeds":1,"minecraft:cobbled_deepslate":11,"minecraft:melon_slice":48,"minecraft:acacia_sapling":1,"minecraft:coal":1,"minecraft:egg":2,"minecraft:cobblestone":57,"minecraft:furnace":1},"minecraft:mined":{"minecraft:tuff":2,"minecraft:furnace":1,"minecraft:deepslate_diamond_ore":30,"minecraft:iron_ore":28,"minecraft:spruce_log":13,"minecraft:dark_oak_log":12,"minecraft:andesite":2,"minecraft:acacia_log":11,"minecraft:coal_ore":1,"minecraft:melon":10,"minecraft:tall_grass":1,"densemekanism:dense_deepslate_uranium_ore":1,"minecraft:spruce_leaves":4,"minecraft:stone":57,"minecraft:deepslate":11},"minecraft:broken":{"minecraft:wooden_pickaxe":1},"minecraft:used":{"minecraft:diamond_pickaxe":29,"minecraft:melon_slice":8,"minecraft:stone_pickaxe":30,"minecraft:iron_pickaxe":15,"minecraft:wooden_pickaxe":59,"minecraft:crafting_table":3,"minecraft:furnace":1,"minecraft:acacia_sapling":1,"minecraft:egg":2}},"DataVersion":3465}