{"stats":{"minecraft:custom":{"minecraft:time_since_rest":15940,"minecraft:crouch_one_cm":47,"minecraft:play_time":15940,"minecraft:sprint_one_cm":30874,"minecraft:damage_taken":80,"minecraft:walk_one_cm":33895,"minecraft:sneak_time":89,"minecraft:walk_under_water_one_cm":731,"minecraft:jump":81,"minecraft:walk_on_water_one_cm":832,"minecraft:time_since_death":15940,"minecraft:total_world_time":15940,"minecraft:talked_to_villager":2,"minecraft:interact_with_crafting_table":1,"minecraft:fall_one_cm":2021,"minecraft:fly_one_cm":65845},"minecraft:crafted":{"minecraft:dark_oak_planks":48,"minecraft:crafting_table":1,"minecraft:spruce_planks":52,"minecraft:stick":4},"minecraft:picked_up":{"minecraft:stick":3,"minecraft:wheat_seeds":1,"minecraft:acacia_log":11,"minecraft:spruce_sapling":1,"minecraft:spruce_log":13,"minecraft:melon_slice":48,"minecraft:acacia_sapling":1,"minecraft:dark_oak_log":12,"minecraft:egg":2},"minecraft:mined":{"minecraft:acacia_log":11,"minecraft:melon":10,"minecraft:tall_grass":1,"minecraft:spruce_log":13,"minecraft:spruce_leaves":4,"minecraft:dark_oak_log":12},"minecraft:used":{"minecraft:crafting_table":1,"minecraft:melon_slice":8,"minecraft:acacia_sapling":1,"minecraft:egg":2}},"DataVersion":3465}