{"stats":{"minecraft:crafted":{"minecraft:diamond_sword":1,"minecraft:crafting_table":5,"minecraft:spruce_planks":52,"minecraft:wooden_pickaxe":1,"projecte:philosophers_stone":1,"minecraft:furnace":1,"minecraft:flint_and_steel":1,"minecraft:diamond_pickaxe":1,"minecraft:stick":8,"minecraft:iron_ingot":8,"minecraft:iron_pickaxe":1,"minecraft:stone_pickaxe":1,"minecraft:gold_ingot":54,"minecraft:dark_oak_planks":48},"minecraft:used":{"minecraft:flint_and_steel":1,"minecraft:stone_pickaxe":30,"minecraft:wooden_pickaxe":59,"minecraft:crafting_table":5,"minecraft:acacia_sapling":1,"minecraft:tuff":2,"minecraft:obsidian":15,"minecraft:diamond_pickaxe":421,"minecraft:melon_slice":8,"minecraft:iron_pickaxe":24,"minecraft:diamond_sword":61,"minecraft:cobblestone":6,"minecraft:furnace":1,"minecraft:egg":2},"minecraft:killed":{"minecraft:magma_cube":6,"minecraft:ghast":1,"minecraft:blaze":2},"minecraft:picked_up":{"minecraft:magma_cream":2,"minecraft:andesite":27,"mekanism:raw_uranium":2,"bigreactors:raw_yellorium":1,"minecraft:gold_block":17,"minecraft:flint":2,"minecraft:gilded_blackstone":5,"minecraft:tuff":2,"minecraft:dirt":4,"minecraft:wheat_seeds":1,"minecraft:cobbled_deepslate":15,"minecraft:glowstone_dust":24,"minecraft:melon_slice":48,"minecraft:acacia_sapling":1,"minecraft:egg":2,"minecraft:furnace":1,"minecraft:stick":3,"minecraft:raw_iron":63,"minecraft:stone":28,"minecraft:quartz":13,"minecraft:acacia_log":11,"minecraft:spruce_sapling":1,"minecraft:nether_brick_stairs":1,"minecraft:spruce_log":13,"minecraft:redstone":126,"minecraft:dark_oak_log":12,"horror_element_mod:impaled_head":1,"minecraft:diamond":82,"minecraft:soul_lantern":2,"minecraft:nether_bricks":6,"minecraft:granite":1,"minecraft:gold_ingot":3,"minecraft:blaze_rod":1,"minecraft:netherrack":2,"minecraft:obsidian":66,"minecraft:coal":23,"minecraft:cobblestone":119},"minecraft:broken":{"minecraft:wooden_pickaxe":1},"minecraft:mined":{"minecraft:podzol":1,"mekanism:deepslate_lead_ore":2,"minecraft:deepslate_redstone_ore":20,"minecraft:tuff":3,"minecraft:deepslate_diamond_ore":33,"minecraft:dark_oak_log":12,"minecraft:soul_lantern":3,"minecraft:obsidian":64,"minecraft:nether_bricks":4,"minecraft:granite":1,"minecraft:chiseled_polished_blackstone":1,"minecraft:acacia_log":11,"minecraft:grass_block":2,"minecraft:melon":10,"minecraft:nether_quartz_ore":6,"minecraft:tall_grass":2,"bigreactors:deepslate_yellorite_ore":1,"densemekanism:dense_deepslate_uranium_ore":3,"minecraft:spruce_leaves":4,"biomesoplenty:sprout":4,"biomesoplenty:dead_grass":4,"densemekanism:dense_deepslate_fluorite_ore":1,"horror_element_mod:impaled_head":1,"minecraft:polished_blackstone_bricks":1,"minecraft:glowstone":10,"minecraft:furnace":1,"minecraft:iron_ore":38,"minecraft:spruce_log":13,"minecraft:andesite":27,"minecraft:nether_brick_stairs":2,"minecraft:gold_block":17,"minecraft:grass":3,"minecraft:coal_ore":10,"fw:bloody_obsidian":1,"horror_element_mod:dead_cow":1,"minecraft:gravel":2,"minecraft:dirt":8,"mekanism:deepslate_uranium_ore":1,"densemekanism:dense_tin_ore":1,"minecraft:stone":149,"densemekanism:dense_fluorite_ore":2,"minecraft:netherrack":2,"minecraft:deepslate":117},"minecraft:custom":{"minecraft:interact_with_furnace":5,"minecraft:mob_kills":9,"minecraft:interact_with_crafting_table":11,"minecraft:open_barrel":23,"minecraft:leave_game":5,"minecraft:time_since_death":123618,"minecraft:time_since_rest":123618,"minecraft:sprint_one_cm":42048,"minecraft:damage_taken":120,"minecraft:walk_one_cm":130040,"minecraft:drop":24,"minecraft:damage_dealt":739,"minecraft:swim_one_cm":17681,"minecraft:fly_one_cm":1154240,"minecraft:talked_to_villager":2,"minecraft:open_chest":14,"minecraft:crouch_one_cm":1014,"minecraft:play_time":123618,"minecraft:sneak_time":3510,"minecraft:walk_under_water_one_cm":92367,"minecraft:jump":204,"minecraft:walk_on_water_one_cm":6173,"minecraft:total_world_time":123618,"minecraft:fall_one_cm":2021},"minecraft:dropped":{"minecraft:nether_brick_stairs":1,"minecraft:furnace":1,"minecraft:nether_bricks":4,"minecraft:flint":1,"mekanism:raw_uranium":2,"minecraft:gilded_blackstone":5,"horror_element_mod:impaled_head":1,"minecraft:magma_cream":1,"minecraft:crying_obsidian":1,"minecraft:gold_ingot":13,"minecraft:spruce_sapling":1}},"DataVersion":3465}