{"stats":{"minecraft:custom":{"minecraft:interact_with_furnace":5,"minecraft:mob_kills":7,"minecraft:interact_with_crafting_table":8,"minecraft:leave_game":2,"minecraft:time_since_death":71633,"minecraft:time_since_rest":71633,"minecraft:sprint_one_cm":31433,"minecraft:damage_taken":120,"minecraft:walk_one_cm":51304,"minecraft:drop":8,"minecraft:damage_dealt":272,"minecraft:swim_one_cm":996,"minecraft:talked_to_villager":2,"minecraft:fly_one_cm":799788,"minecraft:open_chest":1,"minecraft:crouch_one_cm":443,"minecraft:play_time":71633,"minecraft:sneak_time":2148,"minecraft:walk_under_water_one_cm":73377,"minecraft:jump":132,"minecraft:walk_on_water_one_cm":3992,"minecraft:total_world_time":71633,"minecraft:fall_one_cm":2021},"minecraft:crafted":{"minecraft:diamond_sword":1,"minecraft:crafting_table":4,"minecraft:spruce_planks":52,"minecraft:wooden_pickaxe":1,"minecraft:furnace":1,"minecraft:flint_and_steel":1,"minecraft:diamond_pickaxe":1,"minecraft:stick":8,"minecraft:iron_ingot":8,"minecraft:iron_pickaxe":1,"minecraft:stone_pickaxe":1,"minecraft:gold_ingot":54,"minecraft:dark_oak_planks":48},"minecraft:picked_up":{"minecraft:magma_cream":1,"minecraft:andesite":21,"mekanism:raw_uranium":2,"bigreactors:raw_yellorium":1,"minecraft:gold_block":16,"minecraft:flint":2,"minecraft:tuff":2,"minecraft:dirt":4,"minecraft:wheat_seeds":1,"minecraft:cobbled_deepslate":15,"minecraft:glowstone_dust":24,"minecraft:melon_slice":48,"minecraft:acacia_sapling":1,"minecraft:egg":2,"minecraft:furnace":1,"minecraft:stick":3,"minecraft:raw_iron":63,"minecraft:acacia_log":11,"minecraft:quartz":13,"minecraft:spruce_sapling":1,"minecraft:spruce_log":13,"minecraft:redstone":126,"minecraft:dark_oak_log":12,"minecraft:diamond":82,"minecraft:granite":1,"minecraft:coal":23,"minecraft:netherrack":2,"minecraft:obsidian":65,"minecraft:cobblestone":119},"minecraft:mined":{"minecraft:podzol":1,"minecraft:deepslate_redstone_ore":20,"minecraft:tuff":2,"minecraft:deepslate_diamond_ore":33,"minecraft:dark_oak_log":12,"minecraft:obsidian":64,"minecraft:granite":1,"minecraft:acacia_log":11,"minecraft:melon":10,"minecraft:nether_quartz_ore":6,"minecraft:tall_grass":1,"biomesoplenty:sprout":4,"densemekanism:dense_deepslate_uranium_ore":1,"minecraft:spruce_leaves":4,"bigreactors:deepslate_yellorite_ore":1,"biomesoplenty:dead_grass":4,"minecraft:polished_blackstone_bricks":1,"minecraft:glowstone":10,"minecraft:furnace":1,"minecraft:iron_ore":38,"minecraft:spruce_log":13,"minecraft:andesite":21,"minecraft:gold_block":16,"minecraft:coal_ore":10,"minecraft:gravel":2,"minecraft:dirt":3,"minecraft:stone":119,"minecraft:netherrack":2,"minecraft:deepslate":15},"minecraft:killed":{"minecraft:magma_cube":6,"minecraft:ghast":1},"minecraft:dropped":{"minecraft:furnace":1,"minecraft:flint":1,"minecraft:gold_ingot":5,"minecraft:spruce_sapling":1},"minecraft:broken":{"minecraft:wooden_pickaxe":1},"minecraft:used":{"minecraft:flint_and_steel":1,"minecraft:stone_pickaxe":30,"minecraft:wooden_pickaxe":59,"minecraft:crafting_table":4,"minecraft:acacia_sapling":1,"minecraft:tuff":2,"minecraft:obsidian":15,"minecraft:diamond_pickaxe":263,"minecraft:melon_slice":8,"minecraft:iron_pickaxe":15,"minecraft:diamond_sword":31,"minecraft:cobblestone":6,"minecraft:furnace":1,"minecraft:egg":2}},"DataVersion":3465}