{"stats":{"minecraft:custom":{"minecraft:interact_with_furnace":5,"minecraft:interact_with_crafting_table":7,"minecraft:leave_game":2,"minecraft:time_since_death":61635,"minecraft:time_since_rest":61635,"minecraft:sprint_one_cm":31433,"minecraft:damage_taken":80,"minecraft:walk_one_cm":46890,"minecraft:drop":3,"minecraft:talked_to_villager":2,"minecraft:swim_one_cm":996,"minecraft:fly_one_cm":616357,"minecraft:open_chest":1,"minecraft:crouch_one_cm":420,"minecraft:play_time":61635,"minecraft:sneak_time":1836,"minecraft:walk_under_water_one_cm":73377,"minecraft:jump":125,"minecraft:walk_on_water_one_cm":3992,"minecraft:total_world_time":61635,"minecraft:fall_one_cm":2021},"minecraft:crafted":{"minecraft:crafting_table":3,"minecraft:spruce_planks":52,"minecraft:wooden_pickaxe":1,"minecraft:furnace":1,"minecraft:flint_and_steel":1,"minecraft:diamond_pickaxe":1,"minecraft:stick":8,"minecraft:iron_ingot":8,"minecraft:iron_pickaxe":1,"minecraft:stone_pickaxe":1,"minecraft:dark_oak_planks":48},"minecraft:picked_up":{"minecraft:andesite":21,"mekanism:raw_uranium":2,"bigreactors:raw_yellorium":1,"minecraft:flint":2,"minecraft:tuff":2,"minecraft:dirt":4,"minecraft:wheat_seeds":1,"minecraft:cobbled_deepslate":15,"minecraft:glowstone_dust":24,"minecraft:melon_slice":48,"minecraft:acacia_sapling":1,"minecraft:furnace":1,"minecraft:egg":2,"minecraft:stick":3,"minecraft:raw_iron":63,"minecraft:quartz":13,"minecraft:acacia_log":11,"minecraft:spruce_sapling":1,"minecraft:spruce_log":13,"minecraft:redstone":126,"minecraft:dark_oak_log":12,"minecraft:diamond":82,"minecraft:granite":1,"minecraft:netherrack":2,"minecraft:obsidian":64,"minecraft:coal":23,"minecraft:cobblestone":119},"minecraft:mined":{"minecraft:podzol":1,"minecraft:deepslate_redstone_ore":20,"minecraft:tuff":2,"minecraft:deepslate_diamond_ore":33,"minecraft:dark_oak_log":12,"minecraft:obsidian":64,"minecraft:granite":1,"minecraft:acacia_log":11,"minecraft:melon":10,"minecraft:nether_quartz_ore":6,"minecraft:tall_grass":1,"minecraft:spruce_leaves":4,"densemekanism:dense_deepslate_uranium_ore":1,"bigreactors:deepslate_yellorite_ore":1,"minecraft:glowstone":10,"minecraft:furnace":1,"minecraft:iron_ore":38,"minecraft:spruce_log":13,"minecraft:andesite":21,"minecraft:coal_ore":10,"minecraft:gravel":2,"minecraft:dirt":3,"minecraft:stone":119,"minecraft:netherrack":2,"minecraft:deepslate":15},"minecraft:dropped":{"minecraft:furnace":1,"minecraft:flint":1,"minecraft:spruce_sapling":1},"minecraft:broken":{"minecraft:wooden_pickaxe":1},"minecraft:used":{"minecraft:flint_and_steel":1,"minecraft:stone_pickaxe":30,"minecraft:wooden_pickaxe":59,"minecraft:crafting_table":3,"minecraft:acacia_sapling":1,"minecraft:tuff":2,"minecraft:obsidian":15,"minecraft:diamond_pickaxe":246,"minecraft:melon_slice":8,"minecraft:iron_pickaxe":15,"minecraft:cobblestone":6,"minecraft:furnace":1,"minecraft:egg":2}},"DataVersion":3465}