{"stats":{"minecraft:custom":{"minecraft:interact_with_smithing_table":1,"minecraft:mob_kills":110,"minecraft:animals_bred":1,"minecraft:inspect_hopper":1,"minecraft:interact_with_crafting_table":14,"minecraft:open_barrel":14,"minecraft:eat_cake_slice":3,"minecraft:leave_game":1,"minecraft:time_since_death":165801,"minecraft:climb_one_cm":1975,"minecraft:sprint_one_cm":29846,"minecraft:walk_one_cm":234234,"minecraft:drop":10,"minecraft:talked_to_villager":10,"minecraft:play_time":165801,"minecraft:sneak_time":5520,"minecraft:walk_under_water_one_cm":67897,"minecraft:jump":363,"minecraft:interact_with_brewingstand":1,"minecraft:walk_on_water_one_cm":7012,"minecraft:total_world_time":165801,"minecraft:interact_with_furnace":11,"minecraft:interact_with_cartography_table":1,"minecraft:interact_with_loom":1,"minecraft:interact_with_grindstone":1,"minecraft:sleep_in_bed":3,"minecraft:time_since_rest":120660,"minecraft:damage_taken":270,"minecraft:trigger_trapped_chest":2,"minecraft:damage_dealt":16508,"minecraft:fly_one_cm":901250,"minecraft:swim_one_cm":37489,"minecraft:open_chest":58,"minecraft:crouch_one_cm":13123,"minecraft:interact_with_smoker":5,"minecraft:inspect_dispenser":1,"minecraft:fall_one_cm":478,"minecraft:horse_one_cm":1474},"minecraft:crafted":{"minecraft:oak_planks":44,"minecraft:furnace":2,"minecraft:iron_axe":1,"minecraft:stone_pickaxe":1,"minecraft:stone_hoe":1,"minecraft:wheat":567,"minecraft:crafting_table":3,"minecraft:wooden_pickaxe":1,"minecraft:iron_sword":1,"minecraft:stone_axe":1,"minecraft:bread":204,"minecraft:air":0,"minecraft:shield":2,"minecraft:raw_gold":36,"minecraft:stick":16,"minecraft:iron_ingot":17,"minecraft:iron_pickaxe":1,"minecraft:torch":12},"minecraft:picked_up":{"minecraft:crafting_table":1,"minecraft:wheat":6,"minecraft:leather_leggings":1,"minecraft:smithing_table":1,"minecraft:gold_block":3,"enderio:broken_spawner":1,"minecraft:brewing_stand":2,"minecraft:shield":3,"minecraft:golden_sword":1,"minecraft:string":2,"minecraft:raw_copper":40,"minecraft:smooth_stone_slab":6,"minecraft:candle":5,"minecraft:lectern":1,"minecraft:chest":3,"minecraft:furnace":1,"minecraft:raw_iron":26,"minecraft:sandstone":6,"minecraft:raw_gold_block":4,"minecraft:lightning_rod":2,"minecraft:redstone":1,"minecraft:cauldron":1,"minecraft:stone_pressure_plate":9,"minecraft:tnt":9,"minecraft:rotten_flesh":23,"minecraft:decorated_pot":2,"minecraft:hay_block":63,"minecraft:bookshelf":11,"minecraft:cobblestone":98,"minecraft:cut_sandstone":21,"minecraft:smoker":2,"minecraft:smooth_sandstone_stairs":1,"minecraft:oak_log":11,"minecraft:dirt":4,"minecraft:brown_candle":10,"minecraft:bone":1,"minecraft:stonecutter":1,"minecraft:wheat_seeds":15,"minecraft:raw_gold":40,"minecraft:grindstone":1,"minecraft:gray_candle":13,"minecraft:oak_planks":1,"minecraft:book":24,"minecraft:scaffolding":1,"minecraft:red_banner":2,"minecraft:ink_sac":1,"minecraft:orange_candle":4,"minecraft:loom":2,"minecraft:chiseled_sandstone":3,"minecraft:barrel":1,"minecraft:white_candle":10,"minecraft:blue_terracotta":2,"minecraft:slime_ball":54,"minecraft:light_gray_candle":3,"minecraft:birch_sign":37,"minecraft:damaged_anvil":1,"minecraft:coal":74,"minecraft:hopper":1},"minecraft:mined":{"minecraft:stone_pressure_plate":6,"minecraft:candle":3,"minecraft:brewing_stand":2,"minecraft:grass_block":1,"minecraft:decorated_pot":2,"minecraft:redstone_wire":2,"minecraft:orange_candle":5,"minecraft:hopper":1,"minecraft:sandstone":14,"minecraft:spawner":5,"minecraft:hay_block":64,"minecraft:furnace":1,"minecraft:raw_gold_block":4,"minecraft:polished_blackstone_button":1,"minecraft:iron_ore":26,"minecraft:barrel":1,"minecraft:chiseled_sandstone":4,"minecraft:gold_block":3,"minecraft:bookshelf":19,"minecraft:smooth_sandstone_stairs":3,"minecraft:stone":88,"minecraft:tripwire":2,"minecraft:smithing_table":1,"minecraft:cut_sandstone":36,"minecraft:scaffolding":1,"minecraft:smoker":2,"minecraft:smooth_sandstone":5,"minecraft:crafting_table":1,"minecraft:chest":3,"minecraft:lectern":1,"minecraft:lightning_rod":2,"minecraft:copper_ore":12,"minecraft:cobblestone":6,"minecraft:white_candle":6,"minecraft:grindstone":1,"minecraft:oak_planks":1,"minecraft:damaged_anvil":1,"minecraft:smooth_sandstone_slab":1,"minecraft:cauldron":1,"minecraft:light_gray_candle":2,"minecraft:blue_terracotta":3,"minecraft:polished_blackstone_stairs":1,"minecraft:wheat":7,"minecraft:tnt":9,"minecraft:red_wall_banner":2,"minecraft:smooth_stone_slab":4,"minecraft:grass":3,"minecraft:coal_ore":74,"minecraft:oak_log":11,"minecraft:loom":1,"minecraft:dirt":3,"biomesoplenty:stringy_cobweb":1,"minecraft:brown_candle":4,"minecraft:stonecutter":1,"minecraft:polished_blackstone":4,"minecraft:gold_ore":40,"minecraft:oak_leaves":1,"minecraft:gray_candle":5},"minecraft:killed":{"minecraft:slime":31,"minecraft:husk":74,"minecraft:zombie":3,"minecraft:villager":2},"minecraft:dropped":{"minecraft:wheat_seeds":11,"minecraft:loom":1,"minecraft:feather":5,"minecraft:redstone":1,"minecraft:rotten_flesh":16,"minecraft:golden_sword":1,"minecraft:leather_leggings":1,"minecraft:stone_pressure_plate":5,"minecraft:barrel":1},"minecraft:used":{"minecraft:decorated_pot":2,"minecraft:chest":3,"minecraft:iron_sword":310,"minecraft:stone_hoe":72,"minecraft:torch":5,"minecraft:brewing_stand":1,"minecraft:dirt":4,"minecraft:iron_axe":21,"minecraft:scaffolding":1,"minecraft:furnace":3,"minecraft:wheat_seeds":4,"minecraft:stone_pickaxe":131,"minecraft:wooden_pickaxe":59,"minecraft:cut_sandstone":1,"minecraft:crafting_table":3,"minecraft:smoker":2,"minecraft:bread":6,"minecraft:iron_pickaxe":187,"minecraft:stone_axe":24,"minecraft:smooth_stone_slab":6},"minecraft:broken":{"aether:golden_gloves":1,"minecraft:wooden_pickaxe":1,"minecraft:stone_pickaxe":1}},"DataVersion":3465}