{"stats":{"minecraft:custom":{"minecraft:time_since_rest":14699,"minecraft:interact_with_smithing_table":1,"minecraft:sprint_one_cm":13465,"minecraft:walk_one_cm":55920,"minecraft:drop":1,"minecraft:damage_dealt":10,"minecraft:swim_one_cm":7591,"minecraft:talked_to_villager":4,"minecraft:interact_with_crafting_table":7,"minecraft:fly_one_cm":367469,"minecraft:open_chest":2,"minecraft:crouch_one_cm":904,"minecraft:play_time":37035,"minecraft:sneak_time":1365,"minecraft:walk_under_water_one_cm":12817,"minecraft:jump":108,"minecraft:walk_on_water_one_cm":2676,"minecraft:time_since_death":37035,"minecraft:sleep_in_bed":2,"minecraft:interact_with_smoker":2,"minecraft:total_world_time":37035,"minecraft:fall_one_cm":478},"minecraft:crafted":{"minecraft:oak_planks":44,"minecraft:crafting_table":2,"minecraft:stick":8,"minecraft:wooden_pickaxe":1,"minecraft:stone_pickaxe":1,"minecraft:stone_hoe":1,"minecraft:stone_axe":1,"minecraft:bread":125,"minecraft:wheat":369},"minecraft:picked_up":{"minecraft:raw_iron":4,"minecraft:crafting_table":1,"minecraft:wheat":6,"minecraft:smoker":2,"minecraft:oak_log":11,"minecraft:ink_sac":1,"minecraft:dirt":4,"minecraft:smooth_stone_slab":6,"minecraft:wheat_seeds":15,"minecraft:hay_block":41,"minecraft:cobblestone":85},"minecraft:mined":{"minecraft:hay_block":41,"minecraft:iron_ore":4,"minecraft:wheat":7,"minecraft:smoker":2,"minecraft:smooth_stone_slab":4,"minecraft:crafting_table":1,"minecraft:grass":1,"minecraft:grass_block":1,"minecraft:oak_log":11,"minecraft:dirt":3,"minecraft:cobblestone":6,"minecraft:stone":79,"minecraft:oak_leaves":1},"minecraft:dropped":{"minecraft:wheat_seeds":11},"minecraft:broken":{"minecraft:wooden_pickaxe":1},"minecraft:used":{"minecraft:wheat_seeds":4,"minecraft:bread":1,"minecraft:stone_pickaxe":37,"minecraft:wooden_pickaxe":59,"minecraft:stone_hoe":47,"minecraft:stone_axe":1,"minecraft:dirt":4,"minecraft:crafting_table":2,"minecraft:smooth_stone_slab":6,"minecraft:smoker":2}},"DataVersion":3465}