{"stats":{"minecraft:custom":{"minecraft:interact_with_smithing_table":1,"minecraft:interact_with_furnace":11,"minecraft:mob_kills":109,"minecraft:inspect_hopper":1,"minecraft:interact_with_crafting_table":13,"minecraft:interact_with_cartography_table":1,"minecraft:open_barrel":11,"minecraft:interact_with_loom":1,"minecraft:eat_cake_slice":3,"minecraft:interact_with_grindstone":1,"minecraft:time_since_death":121035,"minecraft:sleep_in_bed":3,"minecraft:climb_one_cm":621,"minecraft:time_since_rest":75894,"minecraft:sprint_one_cm":23190,"minecraft:damage_taken":270,"minecraft:walk_one_cm":183122,"minecraft:trigger_trapped_chest":2,"minecraft:drop":10,"minecraft:damage_dealt":16327,"minecraft:talked_to_villager":10,"minecraft:swim_one_cm":37489,"minecraft:fly_one_cm":889604,"minecraft:open_chest":39,"minecraft:crouch_one_cm":11239,"minecraft:play_time":121035,"minecraft:sneak_time":5194,"minecraft:walk_under_water_one_cm":63643,"minecraft:interact_with_brewingstand":1,"minecraft:jump":326,"minecraft:walk_on_water_one_cm":7000,"minecraft:total_world_time":121035,"minecraft:interact_with_smoker":5,"minecraft:fall_one_cm":478,"minecraft:inspect_dispenser":1,"minecraft:horse_one_cm":1474},"minecraft:crafted":{"minecraft:oak_planks":44,"minecraft:crafting_table":3,"minecraft:wooden_pickaxe":1,"minecraft:iron_sword":1,"minecraft:furnace":2,"minecraft:stone_axe":1,"minecraft:bread":192,"minecraft:air":0,"minecraft:shield":2,"minecraft:iron_axe":1,"minecraft:stick":16,"minecraft:iron_ingot":17,"minecraft:stone_pickaxe":1,"minecraft:iron_pickaxe":1,"minecraft:torch":12,"minecraft:stone_hoe":1,"minecraft:wheat":567},"minecraft:picked_up":{"minecraft:crafting_table":1,"minecraft:wheat":6,"minecraft:leather_leggings":1,"minecraft:cut_sandstone":20,"minecraft:smithing_table":1,"minecraft:smoker":2,"minecraft:gold_block":3,"minecraft:smooth_sandstone_stairs":1,"minecraft:oak_log":11,"minecraft:brewing_stand":2,"minecraft:golden_sword":1,"minecraft:shield":3,"minecraft:string":2,"minecraft:dirt":4,"minecraft:raw_copper":40,"minecraft:smooth_stone_slab":6,"minecraft:bone":1,"minecraft:stonecutter":1,"minecraft:wheat_seeds":15,"minecraft:raw_gold":40,"minecraft:grindstone":1,"minecraft:lectern":1,"minecraft:chest":3,"minecraft:furnace":1,"minecraft:raw_iron":26,"minecraft:sandstone":6,"minecraft:raw_gold_block":4,"minecraft:lightning_rod":2,"minecraft:red_banner":2,"minecraft:cauldron":1,"minecraft:ink_sac":1,"minecraft:loom":2,"minecraft:stone_pressure_plate":9,"minecraft:chiseled_sandstone":3,"minecraft:barrel":1,"minecraft:tnt":9,"minecraft:blue_terracotta":2,"minecraft:rotten_flesh":21,"minecraft:slime_ball":54,"minecraft:hay_block":63,"minecraft:damaged_anvil":1,"minecraft:hopper":1,"minecraft:coal":74,"minecraft:cobblestone":98},"minecraft:mined":{"minecraft:smithing_table":1,"minecraft:cut_sandstone":33,"minecraft:stone_pressure_plate":6,"minecraft:smoker":2,"minecraft:brewing_stand":2,"minecraft:smooth_sandstone":5,"minecraft:crafting_table":1,"minecraft:grass_block":1,"minecraft:chest":3,"minecraft:lectern":1,"minecraft:lightning_rod":2,"minecraft:copper_ore":12,"minecraft:cobblestone":6,"minecraft:grindstone":1,"minecraft:hopper":1,"minecraft:damaged_anvil":1,"minecraft:smooth_sandstone_slab":1,"minecraft:sandstone":14,"minecraft:cauldron":1,"minecraft:spawner":4,"minecraft:hay_block":64,"minecraft:blue_terracotta":2,"minecraft:furnace":1,"minecraft:raw_gold_block":4,"minecraft:polished_blackstone_stairs":1,"minecraft:polished_blackstone_button":1,"minecraft:chiseled_sandstone":4,"minecraft:iron_ore":26,"minecraft:barrel":1,"minecraft:wheat":7,"minecraft:gold_block":3,"minecraft:tnt":9,"minecraft:red_wall_banner":2,"minecraft:smooth_stone_slab":4,"minecraft:grass":3,"minecraft:oak_log":11,"minecraft:coal_ore":74,"minecraft:loom":1,"minecraft:dirt":3,"biomesoplenty:stringy_cobweb":1,"minecraft:smooth_sandstone_stairs":3,"minecraft:polished_blackstone":4,"minecraft:stonecutter":1,"minecraft:stone":88,"minecraft:gold_ore":40,"minecraft:oak_leaves":1},"minecraft:killed":{"minecraft:husk":73,"minecraft:slime":31,"minecraft:zombie":3,"minecraft:villager":2},"minecraft:dropped":{"minecraft:wheat_seeds":11,"minecraft:loom":1,"minecraft:feather":5,"minecraft:rotten_flesh":16,"minecraft:stone_pressure_plate":5,"minecraft:golden_sword":1,"minecraft:leather_leggings":1,"minecraft:barrel":1,"minecraft:redstone":1},"minecraft:used":{"minecraft:wheat_seeds":4,"minecraft:stone_pickaxe":131,"minecraft:chest":3,"minecraft:wooden_pickaxe":59,"minecraft:iron_sword":307,"minecraft:stone_hoe":72,"minecraft:torch":5,"minecraft:brewing_stand":1,"minecraft:dirt":4,"minecraft:crafting_table":3,"minecraft:smoker":2,"minecraft:bread":6,"minecraft:iron_pickaxe":169,"minecraft:stone_axe":24,"minecraft:furnace":3,"minecraft:smooth_stone_slab":6},"minecraft:broken":{"minecraft:stone_pickaxe":1,"aether:golden_gloves":1,"minecraft:wooden_pickaxe":1}},"DataVersion":3465}