{"stats":{"minecraft:custom":{"minecraft:jump":48,"minecraft:time_since_rest":13035,"minecraft:damage_dealt":10,"minecraft:crouch_one_cm":369,"minecraft:sprint_one_cm":8644,"minecraft:play_time":13035,"minecraft:walk_on_water_one_cm":2411,"minecraft:time_since_death":13035,"minecraft:walk_one_cm":18910,"minecraft:sneak_time":619,"minecraft:total_world_time":13035,"minecraft:walk_under_water_one_cm":1830,"minecraft:fall_one_cm":478,"minecraft:fly_one_cm":151228},"minecraft:crafted":{"minecraft:oak_planks":44},"minecraft:picked_up":{"minecraft:oak_log":11,"minecraft:dirt":4},"minecraft:mined":{"minecraft:grass":1,"minecraft:oak_log":11,"minecraft:grass_block":1,"minecraft:oak_leaves":1,"minecraft:dirt":3},"minecraft:used":{"minecraft:dirt":1}},"DataVersion":3465}