{"stats":{"minecraft:custom":{"minecraft:interact_with_smithing_table":1,"minecraft:interact_with_furnace":11,"minecraft:mob_kills":11,"minecraft:interact_with_crafting_table":13,"minecraft:interact_with_cartography_table":1,"minecraft:open_barrel":3,"minecraft:time_since_death":85035,"minecraft:sleep_in_bed":3,"minecraft:time_since_rest":39894,"minecraft:sprint_one_cm":18409,"minecraft:damage_taken":110,"minecraft:walk_one_cm":102994,"minecraft:drop":1,"minecraft:damage_dealt":2113,"minecraft:talked_to_villager":10,"minecraft:swim_one_cm":37489,"minecraft:fly_one_cm":876258,"minecraft:open_chest":8,"minecraft:crouch_one_cm":2305,"minecraft:play_time":85035,"minecraft:sneak_time":3578,"minecraft:walk_under_water_one_cm":63643,"minecraft:jump":188,"minecraft:walk_on_water_one_cm":7000,"minecraft:total_world_time":85035,"minecraft:interact_with_smoker":5,"minecraft:fall_one_cm":478,"minecraft:horse_one_cm":1474},"minecraft:crafted":{"minecraft:oak_planks":44,"minecraft:crafting_table":3,"minecraft:wooden_pickaxe":1,"minecraft:iron_sword":1,"minecraft:furnace":2,"minecraft:stone_axe":1,"minecraft:bread":192,"minecraft:air":0,"minecraft:iron_axe":1,"minecraft:stick":16,"minecraft:iron_ingot":17,"minecraft:stone_pickaxe":1,"minecraft:iron_pickaxe":1,"minecraft:torch":12,"minecraft:stone_hoe":1,"minecraft:wheat":567},"minecraft:picked_up":{"minecraft:crafting_table":1,"minecraft:wheat":6,"minecraft:smithing_table":1,"minecraft:smoker":2,"minecraft:oak_log":11,"minecraft:string":2,"minecraft:dirt":4,"minecraft:raw_copper":40,"minecraft:smooth_stone_slab":6,"minecraft:bone":1,"minecraft:stonecutter":1,"minecraft:wheat_seeds":15,"minecraft:raw_gold":40,"minecraft:chest":3,"minecraft:furnace":1,"minecraft:raw_iron":26,"minecraft:red_banner":2,"minecraft:ink_sac":1,"minecraft:barrel":1,"minecraft:rotten_flesh":6,"minecraft:hay_block":63,"minecraft:damaged_anvil":1,"minecraft:coal":74,"minecraft:cobblestone":98},"minecraft:mined":{"minecraft:smithing_table":1,"minecraft:smoker":2,"minecraft:crafting_table":1,"minecraft:grass_block":1,"minecraft:chest":3,"minecraft:copper_ore":12,"minecraft:cobblestone":6,"minecraft:damaged_anvil":1,"minecraft:hay_block":64,"minecraft:furnace":1,"minecraft:iron_ore":26,"minecraft:barrel":1,"minecraft:wheat":7,"minecraft:red_wall_banner":2,"minecraft:smooth_stone_slab":4,"minecraft:grass":3,"minecraft:oak_log":11,"minecraft:coal_ore":74,"minecraft:dirt":3,"biomesoplenty:stringy_cobweb":1,"minecraft:stonecutter":1,"minecraft:stone":88,"minecraft:gold_ore":40,"minecraft:oak_leaves":1},"minecraft:killed":{"minecraft:husk":6,"minecraft:zombie":3,"minecraft:villager":2},"minecraft:dropped":{"minecraft:wheat_seeds":11},"minecraft:used":{"minecraft:wheat_seeds":4,"minecraft:stone_pickaxe":131,"minecraft:wooden_pickaxe":59,"minecraft:iron_sword":27,"minecraft:stone_hoe":72,"minecraft:torch":5,"minecraft:dirt":4,"minecraft:crafting_table":3,"minecraft:smoker":2,"minecraft:bread":3,"minecraft:iron_pickaxe":68,"minecraft:stone_axe":14,"minecraft:furnace":3,"minecraft:smooth_stone_slab":6},"minecraft:broken":{"minecraft:stone_pickaxe":1,"aether:golden_gloves":1,"minecraft:wooden_pickaxe":1}},"DataVersion":3465}