{"stats":{"minecraft:crafted":{"minecraft:oak_planks":44,"minecraft:furnace":2,"minecraft:iron_axe":1,"minecraft:stone_pickaxe":1,"minecraft:stone_hoe":1,"minecraft:wheat":567,"minecraft:crafting_table":3,"minecraft:wooden_pickaxe":1,"minecraft:iron_sword":2,"minecraft:stone_axe":1,"minecraft:bread":204,"minecraft:air":0,"minecraft:shield":2,"minecraft:raw_gold":36,"minecraft:stick":24,"minecraft:iron_ingot":17,"minecraft:iron_pickaxe":2,"minecraft:torch":12},"minecraft:killed":{"minecraft:slime":31,"minecraft:husk":80,"mekanismadditions:baby_creeper":1,"minecraft:bat":2,"minecraft:zombie":15,"minecraft:villager":2},"minecraft:used":{"minecraft:decorated_pot":2,"minecraft:chest":3,"minecraft:iron_sword":342,"minecraft:stone_hoe":72,"minecraft:torch":5,"minecraft:brewing_stand":1,"minecraft:dirt":4,"minecraft:iron_axe":21,"minecraft:scaffolding":1,"minecraft:furnace":3,"minecraft:wheat_seeds":4,"minecraft:stone_pickaxe":131,"minecraft:wooden_pickaxe":59,"minecraft:cut_sandstone":1,"minecraft:stonecutter":1,"minecraft:crafting_table":3,"minecraft:loom":1,"minecraft:smoker":2,"minecraft:lightning_rod":2,"minecraft:bread":6,"minecraft:iron_pickaxe":331,"minecraft:stone_axe":64,"minecraft:grindstone":1,"minecraft:red_banner":2,"minecraft:smooth_stone_slab":6},"minecraft:picked_up":{"minecraft:crafting_table":1,"minecraft:wheat":6,"minecraft:redstone_block":23,"minecraft:leather_leggings":1,"minecraft:redstone_lamp":52,"minecraft:smithing_table":1,"minecraft:gold_block":3,"enderio:broken_spawner":1,"minecraft:brewing_stand":2,"minecraft:golden_sword":1,"minecraft:shield":3,"minecraft:string":2,"minecraft:raw_copper":40,"minecraft:smooth_stone_slab":6,"minecraft:candle":5,"minecraft:light_weighted_pressure_plate":5,"minecraft:redstone_torch":1,"minecraft:poppy":64,"minecraft:lectern":1,"minecraft:chest":3,"minecraft:furnace":1,"minecraft:raw_iron":26,"minecraft:sandstone":21,"minecraft:raw_gold_block":4,"minecraft:lightning_rod":2,"minecraft:warped_pressure_plate":4,"minecraft:redstone":5,"minecraft:cauldron":1,"minecraft:stone_pressure_plate":9,"minecraft:tnt":9,"minecraft:rotten_flesh":61,"minecraft:decorated_pot":2,"minecraft:hay_block":63,"minecraft:yellow_terracotta":6,"minecraft:bookshelf":11,"minecraft:cobblestone":99,"minecraft:cut_sandstone":28,"minecraft:smoker":2,"doggytalents:rice_grains":1,"minecraft:smooth_sandstone_stairs":1,"minecraft:oak_log":11,"minecraft:dirt":4,"minecraft:brown_candle":10,"minecraft:birch_pressure_plate":35,"minecraft:smooth_sandstone":1,"minecraft:bone":1,"minecraft:stonecutter":1,"minecraft:wheat_seeds":20,"minecraft:raw_gold":40,"minecraft:grindstone":1,"minecraft:gray_candle":13,"minecraft:oak_planks":1,"minecraft:book":24,"minecraft:scaffolding":1,"minecraft:red_banner":2,"minecraft:ink_sac":1,"minecraft:loom":2,"minecraft:orange_candle":4,"minecraft:barrel":1,"minecraft:chiseled_sandstone":3,"minecraft:white_candle":10,"minecraft:blue_terracotta":6,"minecraft:slime_ball":54,"minecraft:light_gray_candle":3,"minecraft:black_concrete":1,"minecraft:birch_sign":37,"minecraft:damaged_anvil":1,"minecraft:coal":74,"minecraft:hopper":1},"minecraft:broken":{"aether:golden_gloves":1,"minecraft:wooden_pickaxe":1,"minecraft:stone_pickaxe":1,"minecraft:iron_pickaxe":1},"minecraft:mined":{"minecraft:yellow_terracotta":7,"minecraft:stone_pressure_plate":6,"minecraft:candle":3,"minecraft:brewing_stand":2,"minecraft:grass_block":1,"minecraft:decorated_pot":2,"minecraft:redstone_wire":5,"minecraft:orange_candle":5,"minecraft:hopper":1,"minecraft:sandstone":38,"minecraft:spawner":6,"minecraft:hay_block":64,"minecraft:furnace":1,"minecraft:raw_gold_block":4,"minecraft:warped_pressure_plate":4,"minecraft:polished_blackstone_button":1,"minecraft:iron_ore":26,"minecraft:barrel":1,"minecraft:chiseled_sandstone":4,"minecraft:suspicious_sand":1,"minecraft:black_concrete":3,"minecraft:gold_block":3,"minecraft:bookshelf":19,"minecraft:smooth_sandstone_stairs":3,"minecraft:stone":89,"minecraft:tripwire":3,"minecraft:birch_pressure_plate":36,"minecraft:smithing_table":1,"minecraft:cut_sandstone":56,"minecraft:scaffolding":1,"minecraft:redstone_block":23,"minecraft:smoker":2,"minecraft:smooth_sandstone":8,"minecraft:crafting_table":1,"minecraft:poppy":64,"minecraft:chest":3,"minecraft:lectern":1,"minecraft:lightning_rod":2,"minecraft:tall_grass":1,"minecraft:copper_ore":12,"minecraft:cobblestone":6,"minecraft:white_candle":6,"biomesoplenty:sprout":2,"minecraft:grindstone":1,"minecraft:oak_planks":1,"minecraft:damaged_anvil":1,"minecraft:smooth_sandstone_slab":1,"minecraft:cauldron":1,"minecraft:light_weighted_pressure_plate":4,"minecraft:repeater":1,"minecraft:light_gray_candle":2,"minecraft:blue_terracotta":8,"minecraft:polished_blackstone_stairs":1,"minecraft:wheat":7,"minecraft:tnt":9,"minecraft:red_wall_banner":2,"minecraft:smooth_stone_slab":4,"minecraft:grass":19,"minecraft:oak_log":11,"minecraft:coal_ore":74,"minecraft:loom":1,"minecraft:dirt":3,"biomesoplenty:stringy_cobweb":1,"minecraft:brown_candle":4,"minecraft:polished_blackstone":4,"minecraft:stonecutter":1,"minecraft:gold_ore":40,"minecraft:oak_leaves":1,"minecraft:gray_candle":5,"minecraft:redstone_lamp":52},"minecraft:custom":{"minecraft:interact_with_smithing_table":1,"minecraft:mob_kills":131,"minecraft:animals_bred":1,"minecraft:inspect_hopper":1,"minecraft:interact_with_crafting_table":16,"minecraft:open_barrel":14,"minecraft:eat_cake_slice":3,"minecraft:leave_game":3,"minecraft:time_since_death":198808,"minecraft:climb_one_cm":1975,"minecraft:sprint_one_cm":36537,"minecraft:walk_one_cm":292501,"minecraft:drop":26,"minecraft:talked_to_villager":10,"minecraft:play_time":198808,"minecraft:sneak_time":6260,"minecraft:walk_under_water_one_cm":70088,"minecraft:interact_with_brewingstand":1,"minecraft:jump":431,"minecraft:walk_on_water_one_cm":7449,"minecraft:total_world_time":198808,"minecraft:interact_with_furnace":14,"minecraft:interact_with_cartography_table":1,"minecraft:interact_with_loom":1,"minecraft:interact_with_grindstone":1,"minecraft:sleep_in_bed":3,"minecraft:time_since_rest":153667,"minecraft:damage_taken":270,"minecraft:trigger_trapped_chest":2,"minecraft:damage_dealt":20411,"minecraft:swim_one_cm":37489,"minecraft:fly_one_cm":1069566,"minecraft:open_chest":73,"minecraft:crouch_one_cm":14135,"minecraft:interact_with_smoker":5,"minecraft:inspect_dispenser":1,"minecraft:fall_one_cm":478,"minecraft:horse_one_cm":1474},"minecraft:dropped":{"minecraft:wheat_seeds":16,"minecraft:loom":1,"minecraft:yellow_terracotta":1,"minecraft:feather":5,"minecraft:cobblestone":1,"minecraft:warped_pressure_plate":4,"minecraft:cut_sandstone":7,"minecraft:black_concrete":1,"minecraft:smooth_sandstone":1,"minecraft:redstone":1,"enderio:broken_spawner":1,"minecraft:rotten_flesh":41,"minecraft:redstone_torch":1,"minecraft:golden_sword":1,"minecraft:leather_leggings":1,"minecraft:stone_pressure_plate":5,"minecraft:barrel":1,"minecraft:sandstone":15}},"DataVersion":3465}