{"stats":{"minecraft:custom":{"minecraft:open_chest":2,"minecraft:time_since_rest":2699,"minecraft:interact_with_smithing_table":1,"minecraft:crouch_one_cm":538,"minecraft:play_time":25035,"minecraft:sprint_one_cm":13465,"minecraft:walk_one_cm":39437,"minecraft:sneak_time":991,"minecraft:walk_under_water_one_cm":1830,"minecraft:jump":80,"minecraft:damage_dealt":10,"minecraft:time_since_death":25035,"minecraft:walk_on_water_one_cm":2411,"minecraft:sleep_in_bed":2,"minecraft:total_world_time":25035,"minecraft:interact_with_smoker":1,"minecraft:interact_with_crafting_table":1,"minecraft:fall_one_cm":478,"minecraft:fly_one_cm":306787},"minecraft:crafted":{"minecraft:oak_planks":44,"minecraft:crafting_table":1,"minecraft:stick":4,"minecraft:wooden_pickaxe":1},"minecraft:picked_up":{"minecraft:oak_log":11,"minecraft:ink_sac":1,"minecraft:dirt":4,"minecraft:cobblestone":45},"minecraft:mined":{"minecraft:grass":1,"minecraft:grass_block":1,"minecraft:oak_log":11,"minecraft:dirt":3,"minecraft:cobblestone":5,"minecraft:stone":41,"minecraft:oak_leaves":1},"minecraft:used":{"minecraft:dirt":1,"minecraft:crafting_table":1,"minecraft:wooden_pickaxe":46}},"DataVersion":3465}