{"stats":{"minecraft:custom":{"minecraft:time_since_rest":3894,"minecraft:interact_with_smithing_table":1,"minecraft:interact_with_furnace":8,"minecraft:sprint_one_cm":17889,"minecraft:damage_taken":85,"minecraft:walk_one_cm":67907,"minecraft:mob_kills":2,"minecraft:drop":1,"minecraft:damage_dealt":442,"minecraft:interact_with_cartography_table":1,"minecraft:swim_one_cm":34706,"minecraft:talked_to_villager":9,"minecraft:interact_with_crafting_table":11,"minecraft:fly_one_cm":451947,"minecraft:open_chest":3,"minecraft:crouch_one_cm":985,"minecraft:play_time":49035,"minecraft:sneak_time":1931,"minecraft:walk_under_water_one_cm":47834,"minecraft:jump":137,"minecraft:walk_on_water_one_cm":6088,"minecraft:time_since_death":49035,"minecraft:sleep_in_bed":3,"minecraft:interact_with_smoker":4,"minecraft:total_world_time":49035,"minecraft:fall_one_cm":478},"minecraft:crafted":{"minecraft:oak_planks":44,"minecraft:iron_axe":1,"minecraft:crafting_table":2,"minecraft:iron_pickaxe":1,"minecraft:stick":16,"minecraft:iron_ingot":13,"minecraft:wooden_pickaxe":1,"minecraft:stone_pickaxe":1,"minecraft:furnace":2,"minecraft:stone_hoe":1,"minecraft:stone_axe":1,"minecraft:air":0,"minecraft:bread":125,"minecraft:wheat":369},"minecraft:picked_up":{"minecraft:raw_iron":17,"minecraft:crafting_table":1,"minecraft:wheat":6,"minecraft:smoker":2,"minecraft:oak_log":11,"minecraft:ink_sac":1,"minecraft:dirt":4,"minecraft:smooth_stone_slab":6,"minecraft:wheat_seeds":15,"minecraft:hay_block":41,"minecraft:chest":1,"minecraft:coal":24,"minecraft:cobblestone":85,"minecraft:furnace":1},"minecraft:mined":{"minecraft:hay_block":41,"minecraft:furnace":1,"minecraft:iron_ore":17,"minecraft:wheat":7,"minecraft:smoker":2,"minecraft:smooth_stone_slab":4,"minecraft:crafting_table":1,"minecraft:grass":1,"minecraft:coal_ore":24,"minecraft:grass_block":1,"minecraft:oak_log":11,"minecraft:chest":1,"minecraft:dirt":3,"biomesoplenty:stringy_cobweb":1,"minecraft:cobblestone":6,"minecraft:stone":79,"minecraft:oak_leaves":1},"minecraft:killed":{"minecraft:villager":2},"minecraft:dropped":{"minecraft:wheat_seeds":11},"minecraft:broken":{"minecraft:wooden_pickaxe":1},"minecraft:used":{"minecraft:wheat_seeds":4,"minecraft:bread":3,"minecraft:stone_pickaxe":77,"minecraft:wooden_pickaxe":59,"minecraft:stone_hoe":47,"minecraft:stone_axe":8,"minecraft:dirt":4,"minecraft:crafting_table":2,"minecraft:furnace":3,"minecraft:smooth_stone_slab":6,"minecraft:smoker":2}},"DataVersion":3465}